Peptide,ImmunogenicityScore,ImmunogenicityScore.cv,Peptide_Type
AAEVEVERMGAKGLQ,0.3994400000000001,0.06116139856874591,Original
ADFAGRPEPLTYKLV,0.45304,0.05502242878903167,Original
AFLHICTHAFFKAML,0.44344000000000017,0.05901463069460185,Original
AGLQVRKNKRRRGCP,0.536,0.05071745230995592,Original
AHLSAVLLFYIPMIL,0.46312000000000003,0.06967980223075887,Original
ALISKASNTPKLLTI,0.40312000000000003,0.06027318157283361,Original
ANGGQAFLAEVPDSE,0.44864000000000004,0.04455539070829805,Original
ANSKFPVTRLLDTRL,0.45416000000000006,0.03446279721661546,Original
ARDSQGNQEPTTTPD,0.4531199999999999,0.05134874694713236,Original
ATRAGLQVRKNKRRR,0.5436,0.03849972320908084,Original
AVEVPAGRVLSAREL,0.5232000000000001,0.060782621313802486,Original
AVRCYESLILKAEGK,0.44703999999999994,0.05230350588823382,Original
AWFILHSNSWDPQQM,0.4900799999999999,0.04389774459830922,Original
CDVGPDGRFLRGYRQ,0.46463999999999983,0.044416120672577754,Original
CHGISDTFDPYLDIA,0.4411200000000002,0.05676573387622144,Original
DILLTQSPAILSVSP,0.44232000000000005,0.07146533451612345,Original
DLNFGDWKCIWHCKT,0.4575999999999999,0.048324616231416054,Original
DMSAKEKLLLWTQKV,0.504,0.04238484119050827,Original
DPAVSALQQQLLLMV,0.40055999999999997,0.0732618208151198,Original
DPDALRPLLSLQWKN,0.46176,0.057014291082005474,Original
DSEKPSHKSFATHKL,0.41056,0.060395477918154805,Original
DYMYRRTALLRAHQS,0.5233600000000002,0.0442740112918319,Original
EAPALPPESSMESLT,0.4708000000000001,0.059232530654851276,Original
EDESRRYQQTMGSLQ,0.5012800000000001,0.06459963606166394,Original
EDKSLAKPETDKEQD,0.44336,0.05027833684869401,Original
EDLRSWTAADTAAQI,0.44423999999999997,0.04978335150524198,Original
EDTGVYYCSRNYYGS,0.54128,0.0890108670752507,Original
EEERQKREAEEKEAQ,0.5455199999999999,0.0534259518075874,Original
EELRSHHILERLDAH,0.39840000000000003,0.05727440123870425,Original
EEYVRFDSDVGEYRA,0.43455999999999995,0.051584730465019664,Original
EHPTFTSQYRIQGKL,0.4183999999999999,0.05769237409251649,Original
ELERIRRSILPYGDS,0.4537600000000001,0.042320768486230884,Original
ENPVVHFFKNIVTPR,0.6700800000000001,0.02837419117686777,Original
ENPVVHYFKNIVTPR,0.5236,0.04317285926454287,Original
ENVLNINCGNKGFTT,0.48824,0.04904679517317964,Original
EPPKTHVTHHPLSDH,0.40248000000000006,0.06559959533830792,Original
ERFIEPHEMQQPLVV,0.4023199999999999,0.05651046004048665,Original
ESAQSKMLSGIGGFV,0.43128,0.057233973001932927,Original
ETDNMNQIYGFEGEV,0.4773600000000001,0.04603472738894833,Original
ETLIISKSSSMFHIM,0.4428800000000001,0.041019319196173173,Original
ETLLRAVESYLLAHS,0.426,0.07684582229625578,Original
EVQRLTRACHQAMMV,0.4342400000000001,0.05338695700383972,Original
EYVRHLAGEVAKEWQ,0.43848000000000004,0.07293518320326453,Original
FAGLFSQLPSQVVKP,0.4310400000000001,0.07416796661891546,Original
FCSCCPGWSAMVRSR,0.4668799999999999,0.054776270292935164,Original
FDTQHRVEKMPDGSV,0.42672000000000004,0.04241765185438011,Original
FFGNVDSSGIKHNIF,0.41800000000000004,0.07356864526385724,Original
FLFLGLGGVECLLLA,0.4692,0.04651547750744771,Original
FQKWAAVVVPSGEEQ,0.4725600000000001,0.05166891183846254,Original
FYLNKMKTFEEPPFE,0.47120000000000006,0.054106743565288454,Original
GDGGELSPQGVSKTL,0.49976,0.04536961823267885,Original
GDPKGAMITHQNIVS,0.4725600000000001,0.05070660704492053,Original
GERATINCKSSQSVL,0.44927999999999996,0.06275604305537452,Original
GGSGLCLSLSALGNV,0.44744000000000006,0.06059824777213145,Original
GGYSVDSPTLTRFFT,0.46095999999999987,0.05393181684805873,Original
GIFVEGVEPGSKAAD,0.39008,0.041639514891434554,Original
GIVAGLAVLAVLAVL,0.54968,0.07812629212606333,Original
GIVEQCCTSICSLYQ,0.41696000000000005,0.06301553240287507,Original
GLGSTRSSALCSLGY,0.37367999999999996,0.06664619555835564,Original
GLLTSQNLPLLLLDL,0.46488,0.04932026169456863,Original
GLVGIIVGTVLIIKS,0.45032000000000005,0.05411690980299837,Original
GNCGKDKDTWIQCNK,0.47447999999999996,0.0586631911843103,Original
GPYACEVWNWGSRAR,0.5208800000000001,0.04965740632020222,Original
GRFLRGYRQDAYDGK,0.4884799999999999,0.03987650968071018,Original
GSESEQSEEDGKRKT,0.51632,0.059081735249264404,Original
GSYNTMVGNNEGSMV,0.4475200000000001,0.04335385711694691,Original
GTFTRGYRAMVLDVE,0.48416,0.06603918274833777,Original
GTYRLIPNARANLTA,0.51744,0.05043927327609594,Original
GVGDTLYLVNGLHPL,0.46064,0.05898439631032196,Original
GYYNQSEDGSHTLQR,0.42599999999999993,0.08334710812115795,Original
IDEHGHTVVKKVTRK,0.45976000000000006,0.06561678743034427,Original
IDKQFLICSICLERY,0.4679200000000001,0.053406275885076335,Original
IFYRGQWGTVCDNLW,0.48856,0.054147881983908484,Original
IKRAIGHGRLLKDGP,0.4648,0.05503429444334385,Original
ILSIVLRDSLHQPQY,0.43848,0.047807211757635124,Original
KDGPPGLRGFPGDRG,0.45335999999999993,0.10178156128872534,Original
KGTIENILDNDPRDL,0.4716,0.05344745427031259,Original
KIQEENVIPREKTLR,0.4774400000000001,0.06322396071500389,Original
KKMKEGENNKPREKS,0.5075200000000001,0.055721997731181035,Original
KKQKRSHKATVVNNK,0.4414399999999999,0.05740562510940709,Original
KLRGPSYIWTFRLKS,0.49887999999999993,0.05130189375256667,Original
KNLPQMRGPRPRPAG,0.4615200000000001,0.06073715321701154,Original
KPMSLSTQVVLRRKP,0.41768,0.0805962272262504,Original
KREASKKAWVSVTNN,0.48687999999999987,0.05383501794615061,Original
KVLSSTINNQAVETD,0.44111999999999996,0.05918856006853041,Original
LCQMLDLVKPAVDGK,0.4648799999999999,0.05105662949284736,Original
LDQIPSYDTHKIAVL,0.4182399999999999,0.05332670948527411,Original
LEPLGTLGYCGAVGL,0.41144,0.04337632479552044,Original
LFHSGHARALMQAKN,0.4548,0.06692111834455275,Original
LGWPAVLRKLRFTAV,0.48519999999999996,0.049205838360730926,Original
LHGSNMKWSAAVLWA,0.45984,0.04665700809394603,Original
LIALIYTHNTLGSLN,0.41263999999999995,0.06785171889232068,Original
LIMPDNNGSSMDDWE,0.4716,0.047588038951124983,Original
LKDMLQAASHYRQNR,0.4331999999999999,0.06127783546341813,Original
LKEKGPQNATDSYVH,0.4458400000000001,0.05467971860976076,Original
LLMAYQICFDLYESA,0.42488,0.05822625851038085,Original
LNEDLRSWTAADTVA,0.4488,0.046418597718359315,Original
LNEITESGRIGFGSF,0.42784000000000005,0.06460374797796128,Original
LNKIVRMYSPTSILD,0.51776,0.04474731389445523,Original
LNLHTDVGSVRMRRP,0.44352,0.06908186911487912,Original
LNSKIAFKIVSQEPA,0.42040000000000005,0.05272607062653438,Original
LNVSNNRLTGLEPLA,0.49304000000000003,0.045005449862544705,Original
LPFIITALATLHLLF,0.46840000000000004,0.05040117053693645,Original
LPILPNADDYFLLRW,0.4340800000000001,0.056796307049106064,Original
LPPVNSSIIAAPITD,0.44096,0.05876014350200839,Original
LQRADPPKTHVTHHP,0.42560000000000003,0.05449912361251503,Original
LQVRKNKRRRGCPIL,0.5460799999999999,0.05859451280406991,Original
LRGIPGPVGEQGLPG,0.46159999999999995,0.07938131764102424,Original
LRSEDTAVYYCARCP,0.45583999999999997,0.04908517469619865,Original
LSFLPSDFFPSVRDL,0.46184000000000014,0.04204010290403689,Original
LSPGERATLSCRASQ,0.43696000000000007,0.053802897986619344,Original
LWGPDPAAAFVNQHL,0.46240000000000003,0.04814786470443063,Original
MALWMRLLPLLALLA,0.5988800000000001,0.06045200859954607,Original
MEELQAQLEKELEGG,0.43248000000000014,0.06366420355475524,Original
MNSLRAEDTAVYYCA,0.45304,0.04881301606980511,Original
MRYFYTSVSRPGRGE,0.4701600000000001,0.05481994906822856,Original
MVAVFYTVITAILNP,0.46032000000000006,0.0433878914031646,Original
"NAEEVRQLLETMARN",0.44904000000000005,0.059826738736940575,Original
NLDLNSEKQSGGAST,0.37072000000000005,0.057578261886506804,Original
NLMANRPAKYKDANI,0.4948,0.048476368411495614,Original
NSHGPCDSIQPHKNI,0.49904,0.04543213017499608,Original
NTVESEDIADYYCQQ,0.42504000000000003,0.06660205667747517,Original
PDGSWSCGSCPVGFL,0.41328000000000004,0.05800273861413865,Original
PEAPGEHGLAPWEQG,0.37264,0.05577062129265591,Original
PEDNKIKELTLEIER,0.43016000000000004,0.05683158979392693,Original
PLSQSLYWLLAADLL,0.48111999999999994,0.05979726460071096,Original
PNEREERVMDGLLVI,0.46775999999999995,0.040191551222849314,Original
PPAYRPPNAPILSTL,0.46184,0.07466112207785856,Original
QADRVSLRNLRGYYN,0.4916000000000001,0.05135366484611199,Original
QIKELEEKFLFLFLF,0.4655199999999999,0.05985657699419958,Original
QIPYVFFASEGLLNT,0.4436800000000002,0.048211891822870216,Original
QLTKELQQHVKSVTC,0.42328000000000016,0.060982466436826754,Original
QPPNYEMLKEEQEVA,0.48952000000000007,0.04836029660612559,Original
QPVDQASLPDFQIQT,0.4171200000000001,0.06477513822524146,Original
QSPAILSVSPGERVS,0.4946399999999999,0.08723479001109757,Original
RAAVDTYCRHNYGVV,0.46384000000000003,0.040004101260347605,Original
RAFAKWRRNHNHIWQ,0.5199200000000002,0.051948634900336334,Original
RAFVALYVASHRGHF,0.4592,0.04761152245007719,Original
RLCTVNSVEEKILAA,0.49312,0.06090557832478918,Original
RLWTLTEHQKIHTGE,0.42424,0.06437123049242661,Original
RPTIESHHVAISDAE,0.37776,0.06850905175788263,Original
RRSGQGFHGNSEVNA,0.45424,0.06127762958551765,Original
RVTAPRTVLLLLWGA,0.5288,0.05068407949502067,Original
SAADVVVVHGRRTAI,0.4244,0.062370661941853034,Original
SAGSSSSYGQHGSGS,0.43607999999999997,0.05090740161820902,Original
SARSKTLTGAGGFVL,0.47247999999999996,0.046743331403574825,Original
SFCHCERASGHLWSS,0.48455999999999994,0.05222930737055217,Original
SHLVEALYLVCGERG,0.47528,0.056572789726489894,Original
SIGLHTREVSKNYEQ,0.41792000000000007,0.05241420886532645,Original
SLQPLALEGSLQKRG,0.4477600000000001,0.05762592426733714,Original
SMKDRATELQEQLSS,0.43672000000000005,0.05479396186272004,Original
SPLLLWTLLLFAAPF,0.5269600000000001,0.043758094553912025,Original
SRPGRGEPRFISVGY,0.43895999999999996,0.07623022204637056,Original
SSGGSGSGYVSSQQV,0.38800000000000007,0.051696516781204065,Original
STLTKHKKIHTGEKP,0.4392800000000001,0.06469398365042114,Original
STRYSLTELNMAGCN,0.47992000000000007,0.057913327822669086,Original
SVGELSVPEKYKSIH,0.43736,0.07297214124922206,Original
SVTAADTAVYFCARG,0.40024,0.09275149681514831,Original
TEITPVDAVIELAND,0.4306400000000001,0.06323575168244545,Original
TERVRFLDRYFYHQE,0.4912,0.045990550691795425,Original
TFQKSPKQGRKAVQK,0.48847999999999997,0.046129893897659875,Original
THQRTHTGEKPYVCR,0.46480000000000005,0.0539584174009658,Original
TLINEQWLLTTAKNL,0.4487200000000001,0.06163734681070609,Original
TLPLCRVQPITSSHL,0.4824000000000001,0.048082145542053076,Original
TPLHNAVQMSREDIV,0.44504,0.05494979410484211,Original
TRFQTLLALHRSYLT,0.4668,0.05629935259762074,Original
TTASTAGSETTTTST,0.4109600000000001,0.07266268707203495,Original
VASGKAELIKTHHND,0.38880000000000003,0.06968218716123491,Original
VDDTQFVRFDSDAAS,0.41600000000000004,0.08042413302964489,Original
VKAMDDSSVTEHQKV,0.41744000000000014,0.06854968493612258,Original
VLHRPSQELPSSVQV,0.41607999999999995,0.0691361849901904,Original
VLKSYVLEGTLTAEK,0.4747199999999999,0.05305270649622164,Original
VNGGKQFRSIAFKNQ,0.46464,0.06021967411104405,Original
VNGSITPTDKKIGFL,0.48239999999999994,0.0569595010946687,Original
VPDYASLRSLVASSG,0.33824000000000004,0.07970297391519512,Original
VQDVANNTNEEAGDG,0.43496000000000007,0.05117018558638778,Original
VQVLPTTKLGSEESC,0.40176,0.08072245887061423,Original
VRKLKARVDELERIR,0.45016000000000006,0.06681454130836133,Original
VTLTCETQLSLERSD,0.48375999999999986,0.056652731321240796,Original
VVLNQGMEIVQTMNS,0.45608000000000004,0.05306932214093046,Original
WNYECPKFEEDVLSS,0.4528800000000001,0.06037798460008233,Original
WYQQTPGQAPRTLIY,0.43744,0.05566090411460647,Original
YCQNKPRSETIWRKY,0.53704,0.05240429990135227,Original
YGCDVGPDGRLLRGH,0.4701600000000001,0.06766106922892275,Original
YPASSLVVVRSKTED,0.38919999999999993,0.071497547665092,Original
YQGLDICANGRCQKV,0.43288000000000015,0.054668459069166654,Original
YTIKDALGLLLFLLS,0.44616000000000006,0.052002502996955864,Original
YYSFIKQNNPKFSAV,0.47928000000000004,0.03447150129872037,Original
